trial,condition,set_size,target_present,user_response,is_correct,reaction_time_ms
1,colour,9,True,y,True,1928.2610999998724
4,colour,9,False,n,True,1814.7048999999242
13,colour,25,True,y,True,1380.1371999998082
16,colour,25,False,n,True,2082.8251999992062
25,colour,49,True,y,True,2113.140499999645
28,colour,49,False,n,True,1970.8405000001221
31,shape,9,True,y,True,2236.9580999984464
34,shape,9,False,n,True,1851.3476000007358
43,shape,25,True,y,True,1878.1232000001182
46,shape,25,False,n,True,2558.5965999998734
55,shape,49,True,y,True,1501.7002999993565
58,shape,49,False,n,True,1978.1160000002274
61,conjunction,9,True,y,True,1468.1282000001374
64,conjunction,9,False,n,True,2345.1409000008425
73,conjunction,25,True,y,True,2417.061999998623
76,conjunction,25,False,n,True,3206.0088999987784
85,conjunction,49,True,y,True,1486.862799998562
88,conjunction,49,False,n,True,3867.03370000032
