trial,channel,true_ratio,value_large,value_small,reader_estimate,absolute_error
28,colour,0.55,64,35.2,70.0,0.1499999999999999
16,angle,0.55,88,48.4,54.0,0.010000000000000009
24,area,0.85,79,67.15,90.0,0.050000000000000044
18,angle,0.85,82,69.7,90.0,0.050000000000000044
9,length,0.4,78,31.2,30.0,0.10000000000000003
10,length,0.55,48,26.4,50.0,0.050000000000000044
29,colour,0.7,54,37.8,80.0,0.10000000000000009
25,colour,0.15,82,12.3,40.0,0.25
13,angle,0.15,72,10.8,20.0,0.05000000000000002
1,position,0.15,76,11.4,14.0,0.009999999999999981
5,position,0.7,61,42.7,90.0,0.20000000000000007
17,angle,0.7,68,47.6,80.0,0.10000000000000009
6,position,0.85,64,54.4,95.0,0.09999999999999998
14,angle,0.25,80,20.0,30.0,0.04999999999999999
12,length,0.85,48,40.8,95.0,0.09999999999999998
23,area,0.7,45,31.5,80.0,0.10000000000000009
2,position,0.25,59,14.75,70.0,0.44999999999999996
3,position,0.4,76,30.4,70.0,0.29999999999999993
26,colour,0.25,79,19.75,40.0,0.15000000000000002
4,position,0.55,68,37.4,80.0,0.25
22,area,0.55,60,33.0,75.0,0.19999999999999996
27,colour,0.4,66,26.4,50.0,0.09999999999999998
19,area,0.15,68,10.2,30.0,0.15
30,colour,0.85,65,55.25,95.0,0.09999999999999998
21,area,0.4,86,34.4,40.0,0.0
8,length,0.25,86,21.5,30.0,0.04999999999999999
11,length,0.7,88,61.6,80.0,0.10000000000000009
15,angle,0.4,69,27.6,40.0,0.0
20,area,0.25,49,12.25,30.0,0.04999999999999999
7,length,0.15,70,10.5,20.0,0.05000000000000002
